CATEGORY,BARCODE,NAME,PRICE_MIN,PRICE_MAX,IMAGE,CATEGORY_NAME,UNIT,DISPLAY,retailer,from,to
1,7063330,Σταφύλια,3.97,3.97,stafilia.jpg,Φρούτα,Kg,,ab,21-01-2025,27-01-2025
11,7063667,Τομάτες,2.35,2.88,ntomates.jpg,Λαχανικά,Kg,,ab,21-01-2025,27-01-2025
12,7063697,Τοματίνια,5.15,9.96,ntomatinia.jpg,Λαχανικά,Kg,,ab,21-01-2025,27-01-2025
13,7063652,Αγγούρια,0.69,1.95,aggouria.jpg,Λαχανικά,Kg,,ab,21-01-2025,27-01-2025
14,7063710,Κολοκύθια,2.58,6.72,kolokuthia.jpg,Λαχανικά,kg,,ab,21-01-2025,27-01-2025
15,7063845,Μαρούλια,0.77,1.55,maroulia.jpg,Λαχανικά,Kg,,ab,21-01-2025,27-01-2025
16,7338136,Ρόκα,1.31,1.31,roka.jpg,Λαχανικά,Kg,,ab,21-01-2025,27-01-2025
17.1,7064162,Πατάτες Κύπρου,1.92,1.92,patates_kuprou.jpg,Λαχανικά,Kg,,ab,21-01-2025,27-01-2025
17.2,7335944,Πατάτες εγχώριες,0.99,2.36,patates_egxories.jpg,Λαχανικά,Kg,,ab,21-01-2025,27-01-2025
17.3 ,7148993,Πατάτες εισαγωγής,0.95,0.95,,,,,ab,21-01-2025,27-01-2025
18,7064239,Σκόρδα (κομμάτι),0.65,0.65,skorda.jpg,Λαχανικά,τμχ.,,ab,21-01-2025,27-01-2025
19,7064213,Κρεμμύδια ξερά,0.73,1.66,kremmudia_xeria.jpg,Λαχανικά,Kg,,ab,21-01-2025,27-01-2025
2,7062943,Λεμόνια,1.15,2.2,lemonia.jpg,Φρούτα,Kg,,ab,21-01-2025,27-01-2025
20,7064229,Κρεμμύδια φρέσκα,2.57,2.57,kremmudia_freska.jpg,Λαχανικά,Kg,,ab,21-01-2025,27-01-2025
21,7063904,Σπανάκι,2.39,4.83,spanaki.jpg,Λαχανικά,Kg,,ab,21-01-2025,27-01-2025
22,7063905,Παντζάρια,1.42,4.13,pantzaria.jpg,Λαχανικά,Kg,,ab,21-01-2025,27-01-2025
23,7063924,Καρότα,0.89,2.33,karota.jpg,Λαχανικά,Kg,,ab,21-01-2025,27-01-2025
24,7063936,Ραπανάκια,0.92,0.92,rapanakia.jpg,Λαχανικά,Kg,,ab,21-01-2025,27-01-2025
25,7063804,Λάχανα,0.89,1.66,laxana.jpg,Λαχανικά,Kg,,ab,21-01-2025,27-01-2025
26,7063767,Κουνουπίδια,1.94,5.46,kounoupidia.jpg,Λαχανικά,Kg,,ab,21-01-2025,27-01-2025
27,7063823,Μπρόκολο,2.89,5.98,mprokolo.jpg,Λαχανικά,Kg,,ab,21-01-2025,27-01-2025
28.1,7063729,Πιπεριές χονδρές,2.65,3.46,piperies_xondres.jpg,Λαχανικά,Kg,,ab,21-01-2025,27-01-2025
28.2,7063738,Πιπεριές μακριές,2.79,2.79,piperies_makries.jpg,Λαχανικά,Kg,,ab,21-01-2025,27-01-2025
29,7063831,Μελιτζάνες,3.15,4.55,melitzanes.jpg,Λαχανικά,Kg,,ab,21-01-2025,27-01-2025
3,7063298,Μπανάνες,1.85,2.04,bananes.jpg,Φρούτα,Kg,,ab,21-01-2025,27-01-2025
30,7064307,Μαϊντανός,0.69,1.63,maintanos.jpg,Λαχανικά,Kg,,ab,21-01-2025,27-01-2025
31,7064310,Άνηθος,0.69,1.63,anithos.jpg,Λαχανικά,Kg,,ab,21-01-2025,27-01-2025
32,7064311,Σέλινο,2.05,3.39,selino.jpg,Λαχανικά,Kg,,ab,21-01-2025,27-01-2025
33,7063776,Φασολάκια ,4.98,4.98,fasolakia.jpg,Λαχανικά,Kg,,ab,21-01-2025,27-01-2025
4,7062871,Πορτοκάλια Βαλέντσια ,1.07,2.1,portokalia.jpg,Φρούτα,Kg,,ab,21-01-2025,27-01-2025
5,7062908,Μανταρίνια,1.95,2.52,mantarinia.jpg,Φρούτα,Kg,,ab,21-01-2025,27-01-2025
6,7125570,Αχλάδια,1.46,6.22,axladia.jpg,Φρούτα,Kg,,ab,21-01-2025,27-01-2025
7.1,7062828,Μήλα Golden Delicious,1.82,4.29,mila_golden_delicious.jpg,Φρούτα,Kg,,ab,21-01-2025,27-01-2025
7.2,7062840,Μήλα Granny Smith ,1.72,4.29,mila_granny_smith.jpg,Φρούτα,Kg,,ab,21-01-2025,27-01-2025
7.3,7633877,Μήλα Starkin Delicious,1.28,3.47,mila_starkin_delicious.jpg,Φρούτα,Kg,,ab,21-01-2025,27-01-2025
7.4,7062808,Μήλα Gala,1.86,4.25,mila_gala.jpg,Φρούτα,Kg,,ab,21-01-2025,27-01-2025
8,7063274,Ρόδια,2.31,2.8,rodia.jpg,Φρούτα,Kg,,ab,21-01-2025,27-01-2025
9,7064279,Μανιτάρια,1.31,1.31,manitaria.jpg,Λαχανικά,Kg,,ab,21-01-2025,27-01-2025
22,19002,Παντζάρια,0.98,1.99,19002.jpg,Λαχανικά,Kg,,bazaar,21-01-2025,27-01-2025
11,19004,Τομάτες,2.15,2.75,19004.jpg,Λαχανικά,Kg,,bazaar,21-01-2025,27-01-2025
13,19006,Αγγούρια,0.75,0.85,19006.jpg,Λαχανικά,Kg,,bazaar,21-01-2025,27-01-2025
14,19008,Κολοκύθια,1.99,2.85,19008.jpg,Λαχανικά,kg,,bazaar,21-01-2025,27-01-2025
2,19011,Λεμόνια,1.09,1.29,19011.jpg,Φρούτα,Kg,,bazaar,21-01-2025,27-01-2025
25,19012,Λάχανα,0.85,0.95,19012.jpg,Λαχανικά,Kg,,bazaar,21-01-2025,27-01-2025
17.1,19014,Πατάτες Κύπρου,1.78,1.78,19014.jpg,Λαχανικά,Kg,,bazaar,21-01-2025,27-01-2025
7.2,19023,Μήλα Granny Smith,1.29,1.89,19023.jpg,Φρούτα,Kg,,bazaar,21-01-2025,27-01-2025
26,19028,Κουνουπίδια,1.2,1.65,19028.jpg,Λαχανικά,Kg,,bazaar,21-01-2025,27-01-2025
29,19034,Μελιτζάνες,2.98,3.89,19034.jpg,Λαχανικά,Kg,,bazaar,21-01-2025,27-01-2025
28.2,19035,Πιπεριές μακριές,3.49,3.55,19035.jpg,Λαχανικά,Kg,,bazaar,21-01-2025,27-01-2025
7.1,19039,Μήλα Golden Delicious,1.79,1.79,19039.jpg,Φρούτα,Kg,,bazaar,21-01-2025,27-01-2025
6,19042,Αχλάδια,1.69,1.95,19042.jpg,Φρούτα,Kg,,bazaar,21-01-2025,27-01-2025
30,19044,Μαϊντανός,0.45,0.75,19044.jpg,Λαχανικά,Kg,,bazaar,21-01-2025,27-01-2025
31,19045,’νηθος,0.59,1.2,19045.jpg,Λαχανικά,Kg,,bazaar,21-01-2025,27-01-2025
21,19046,Σπανάκι,1.94,2.49,19046.jpg,Λαχανικά,Kg,,bazaar,21-01-2025,27-01-2025
7.3,19066,Μήλα Starkin Delicious,1.49,1.79,19066.jpg,Φρούτα,Kg,,bazaar,21-01-2025,27-01-2025
32,19067,Σέλινο,2.25,3.35,19067.jpg,Λαχανικά,Kg,,bazaar,21-01-2025,27-01-2025
20,19071,Κρεμμύδια φρέσκα,1.1,1.94,19071.jpg,Λαχανικά,Kg,,bazaar,21-01-2025,27-01-2025
8,19074,Ρόδια,2.45,2.45,19074.jpg,Φρούτα,Kg,,bazaar,21-01-2025,27-01-2025
27,19076,Μπρόκολο,3.85,3.85,19076.jpg,Λαχανικά,Kg,,bazaar,21-01-2025,27-01-2025
15,19119,Μαρούλια,0.79,1.99,19119.jpg,Λαχανικά,Kg,,bazaar,21-01-2025,27-01-2025
19,19130,Κρεμμύδια ξερά,0.75,0.89,19130.jpg,Λαχανικά,Kg,,bazaar,21-01-2025,27-01-2025
9,19173,Μανιτάρια,2.18,2.5,19173.jpg,Λαχανικά,Kg,,bazaar,21-01-2025,27-01-2025
23,19185,Καρότα,0.99,0.99,19185.jpg,Λαχανικά,Kg,,bazaar,21-01-2025,27-01-2025
3,19213,Μπανάνες,1.79,1.85,19213.jpg,Φρούτα,Kg,,bazaar,21-01-2025,27-01-2025
17.2,19214,Πατάτες εγχώριες,0.98,0.98,19214.jpg,Λαχανικά,Kg,,bazaar,21-01-2025,27-01-2025
28.1,19806,Πιπεριές χονδρές,2.69,3.39,19806.jpg,Λαχανικά,Kg,,bazaar,21-01-2025,27-01-2025
16,5200374820104,Ρόκα,1.09,1.09,5200374820104.jpg,Λαχανικά,Kg,,bazaar,21-01-2025,27-01-2025
12,5208086436118,Τοματίνια,1.55,1.99,5208086436118.jpg,Λαχανικά,Kg,,bazaar,21-01-2025,27-01-2025
2,397140,ΛΕΜΟΝΙΑ ΕΓΧΩΡΙΑ,0.92,0.92,,Φρούτα,Kg,,galaxias,21-01-2025,27-01-2025
3,397184,ΜΠΑΝΑΝΕΣ ΕΙΣΑΓΩΓΗΣ,1.48,1.85,,Φρούτα,Kg,,galaxias,21-01-2025,27-01-2025
4,397051,ΠΟΡΤΟΚΑΛΙΑ ΒΑΛΕΝΤΣΙΑ ΕΓΧΩΡΙΑ,1.4,1.4,,Φρούτα,Kg,,galaxias,21-01-2025,27-01-2025
5,397103,ΜΑΝΤΑΡΙΝΙΑ ΚΛΗΜΕΝΤΙΝΕΣ ΕΓΧΩΡΙΑ,1.45,1.45,,Φρούτα,Kg,,galaxias,21-01-2025,27-01-2025
6,397046,ΑΧΛΑΔΙΑ ΚΡΥΣΤΑΛΙΑ ΕΓΧΩΡΙΑ,1.59,1.59,,Φρούτα,Kg,,galaxias,21-01-2025,27-01-2025
7,397169,ΜΗΛΑ FUJI ΕΓΧΩΡΙΑ,2.03,2.03,,Φρούτα,Kg,,galaxias,21-01-2025,27-01-2025
7.1,397066,ΜΗΛΑ ΓΚΟΛΝΤΕΝ  ΕΓΧΩΡΙΑ,1.78,1.78,,Φρούτα,Kg,,galaxias,21-01-2025,27-01-2025
7.2,397172,ΜΗΛΑ ΣΜΙΘ ΕΓΧΩΡΙΑ (ΞΙΝΟΜΗΛΑ) ΕΓΧΩΡΙΑ,1.68,1.68,,Φρούτα,Kg,,galaxias,21-01-2025,27-01-2025
7.3,397167,ΜΗΛΑ ΣΤΑΡΚΙΝ ΕΓΧΩΡΙΑ,1.38,1.38,,Φρούτα,Kg,,galaxias,21-01-2025,27-01-2025
7.4,397170,ΜΗΛΑ ΓΚΑΛΑ ΕΓΧΩΡΙΑ,1.49,1.49,,Φρούτα,Kg,,galaxias,21-01-2025,27-01-2025
8,397230,ΡΟΔΙΑ ΕΓΧΩΡΙΑ,2.19,2.19,,Φρούτα,Kg,,galaxias,21-01-2025,27-01-2025
9,397150,ΜΑΝΙΤΑΡΙΑ CHAMPION ΤΥΠ/ΝΟ ΕΙΣΑΓΩΓΗΣ 250ΓΡ,1.68,1.68,,Λαχανικά,Kg,,galaxias,21-01-2025,27-01-2025
11,397193,ΝΤΟΜΑΤΕΣ ΕΓΧΩΡΙΕΣ,1.99,3.35,,Λαχανικά,Kg,,galaxias,21-01-2025,27-01-2025
12,80022643,ΝΤΟΜΑΤΙΝΙΑ ΔΑΚΡΥ ΒΕΛΑΝΙΔΙΑ ΕΓΧΩΡΙΑ ΚΙΛ,5.86,5.86,,Λαχανικά,Kg,,galaxias,21-01-2025,27-01-2025
12,397255,ΝΤΟΜΑΤΙΝΙΑ ΕΓΧΩΡΙΑ ΚΙΛ,5.86,5.86,,Λαχανικά,Kg,,galaxias,21-01-2025,27-01-2025
13,397004,ΑΓΓΟΥΡΙΑ Α' ΕΓΧΩΡΙΑ ΤΕΜ ,0.7,0.7,,Λαχανικά,Kg,,galaxias,21-01-2025,27-01-2025
14,397110,ΚΟΛΟΚΥΘΙΑ ΕΓΧΩΡΙΑ ,2.25,2.25,,Λαχανικά,kg,,galaxias,21-01-2025,27-01-2025
15,397161,ΜΑΡΟΥΛΙΑ ΕΓΧΩΡΙΑ ΤΕΜ,0.75,0.75,,Λαχανικά,Kg,,galaxias,21-01-2025,27-01-2025
17.1,397196,ΠΑΤΑΤΕΣ ΕΙΣΑΓΩΓΗΣ ΚΥΠΡΟΥ,1.85,1.85,,Λαχανικά,Kg,,galaxias,21-01-2025,27-01-2025
17.2,397197,ΠΑΤΑΤΑ ΕΓΧΩΡΙΑ Α',0.98,0.98,,Λαχανικά,Kg,,galaxias,21-01-2025,27-01-2025
17.3,80029541,ΠΑΤΑΤΕΣ ΕΙΣΑΓΩΓΗΣ ΑΙΓΥΠΤΟΥ,1.03,1.03,,Λαχανικά,Kg,,galaxias,21-01-2025,27-01-2025
18,397243,ΣΚΟΡΔΑ ΕΓΧΩΡΙΑ ,0.62,0.62,,Λαχανικά,τμχ.,,galaxias,21-01-2025,27-01-2025
19,397125,ΚΡΕΜΜΥΔΙΑ ΞΕΡΑ  -ΕΓΧΩΡΙΑ,0.72,0.72,,Λαχανικά,Kg,,galaxias,21-01-2025,27-01-2025
19,80021320,ΚΡΕΜΜΥΔΙΑ ΞΕΡΑ ΛΕΥΚΑ ΕΓΧΩΡΙΑ,0.72,0.72,,Λαχανικά,Kg,,galaxias,21-01-2025,27-01-2025
20,397123,ΚΡΕΜΜΥΔΑΚΙΑ ΦΡΕΣΚΑ ΕΓΧΩΡΙΑ ΤΕΜ,0.9,0.9,,Λαχανικά,Kg,,galaxias,21-01-2025,27-01-2025
21,397246,ΣΠΑΝΑΚΙΑ ΕΓΧΩΡΙΑ,1.92,1.92,,Λαχανικά,Kg,,galaxias,21-01-2025,27-01-2025
22,397198,ΠΑΝΤΖΑΡΙΑ ΕΓΧΩΡΙΑ,1.38,1.38,,Λαχανικά,Kg,,galaxias,21-01-2025,27-01-2025
23,397088,ΚΑΡΟΤΑ ΕΓΧΩΡΙΑ,0.88,0.88,,Λαχανικά,Kg,,galaxias,21-01-2025,27-01-2025
24,397221,ΡΑΠΑΝΑΚΙΑ ΕΓΧΩΡΙΑ  ΤΕΜΑΧΙΑ,1.48,1.48,,Λαχανικά,Kg,,galaxias,21-01-2025,27-01-2025
25,397132,ΛΑΧΑΝΑ ΕΓΧΩΡΙΑ,0.78,0.78,,Λαχανικά,Kg,,galaxias,21-01-2025,27-01-2025
26,397117,ΚΟΥΝΟΥΠΙΔΙΑ ΕΓΧΩΡΙΑ,1.85,1.85,,Λαχανικά,Kg,,galaxias,21-01-2025,27-01-2025
26,397118,ΚΟΥΝΟΥΠΙΔΙΑ  ΕΙΣΑΓΩΓΗΣ,1.9,1.9,,Λαχανικά,Kg,,galaxias,21-01-2025,27-01-2025
27,80019785,ΜΠΡΟΚΟΛΟ ΠΑΓΟΥ ΕΓΧΩΡΙΟ,2.95,2.95,,Λαχανικά,Kg,,galaxias,21-01-2025,27-01-2025
27,397186,ΜΠΡΟΚΟΛΑ ΕΓΧΩΡΙΑ,2.7,2.7,,Λαχανικά,Kg,,galaxias,21-01-2025,27-01-2025
28,397207,ΠΙΠΕΡΙΕΣ ΠΡΑΣΙΝΕΣ ΕΓΧΩΡΙΕΣ,2.9,2.9,,Λαχανικά,Kg,,galaxias,21-01-2025,27-01-2025
28.1,80013506,ΠΙΠΕΡΙΕΣ ΝΤΟΛΜΑ ΕΓΧΩΡΙΕΣ ΚΙΛ,2.49,2.49,,Λαχανικά,Kg,,galaxias,21-01-2025,27-01-2025
28.2,397206,ΠΙΠΕΡΙΕΣ ΚΕΡΑΤΑ Α' ΕΓΧΩΡΙΕΣ,3.2,3.2,,Λαχανικά,Kg,,galaxias,21-01-2025,27-01-2025
29,397263,ΜΕΛΙΤΖΑΝΕΣ ΦΛΑΣΚΕΣ ΕΓΧΩΡΙΕΣ,2.98,2.98,,Λαχανικά,Kg,,galaxias,21-01-2025,27-01-2025
30,397148,ΜΑΙΝΤΑΝΟΣ ΕΓΧΩΡΙΟΣ ΤΕΜ,0.7,0.7,,Λαχανικά,Kg,,galaxias,21-01-2025,27-01-2025
31,397015,ΑΝΙΘΑ ΕΓΧΩΡΙΑ ΤΕΜΑΧΙΟ,0.7,0.7,,Λαχανικά,Kg,,galaxias,21-01-2025,27-01-2025
32,80023018,ΣΕΛΙΝΟ ΕΓΧΩΡΙΑ ΤΕΜΑΧΙΟ,0.6,0.6,,Λαχανικά,Kg,,galaxias,21-01-2025,27-01-2025
33,397260,ΦΑΣΟΛΙΑ ΜΠΑΡΜΠΟΥΝΙΑ ΕΓΧΩΡΙΑ,4.39,4.39,,Λαχανικά,Kg,,galaxias,21-01-2025,27-01-2025
33,397261,ΦΑΣΟΛΙΑ ΤΣΑΟΥΛΙΑ ΕΓΧΩΡΙΑ,4.6,4.6,,Λαχανικά,Kg,,galaxias,21-01-2025,27-01-2025
2,,ΛΕΜΟΝΙΑ,1.09,1.09,2_Lemonia.jpg,Φρούτα,Kg,,egnatia,21-01-2025,27-01-2025
3,,ΜΠΑΝΑΝΕΣ,1.62,1.62,3_Mpananes.jpg,Φρούτα,Kg,,egnatia,21-01-2025,27-01-2025
4,,ΠΟΡΤΟΚΑΛΙΑ,0.99,1.19,4_Portokalia_Valencia.jpg,Φρούτα,Kg,,egnatia,21-01-2025,27-01-2025
5,,ΜΑΝΤΑΡΙΝΙΑ,1.49,1.49,5_Klimentines_Kalathi.jpg,Φρούτα,Kg,,egnatia,21-01-2025,27-01-2025
6,,ΑΧΛΑΔΙΑ,1.29,1.89,6_Achladia_Kristalia.jpg,Φρούτα,Kg,,egnatia,21-01-2025,27-01-2025
7.1,,ΜΗΛΑ ΓΚΟΛΝΤΕΝ,1.79,1.79,7.1_Mila_Golden.jpg,Φρούτα,Kg,,egnatia,21-01-2025,27-01-2025
7.2,,ΜΗΛΑ ΠΡΑΣΙΝΑ,1.69,1.69,7.2_Mila_Granny_Smith.jpg,Φρούτα,Kg,,egnatia,21-01-2025,27-01-2025
7.3,,ΜΗΛΑ ΣΤΑΡΚΙΝ,1.45,1.45,7.3_Mila_Starkin_Kokkina.jpg,Φρούτα,Kg,,egnatia,21-01-2025,27-01-2025
8,,ΡΟΔΙΑ,1.49,1.49,8_Rodia.jpg,Φρούτα,Kg,,egnatia,21-01-2025,27-01-2025
9,,ΜΑΝΙΤΑΡΙΑ 500ΓΡ,2.39,2.39,9_Manitaria_Leuka_sisk_500g.jpg,Λαχανικά,Kg,,egnatia,21-01-2025,27-01-2025
11,,ΤΟΜΑΤΕΣ,2.35,2.35,11_Tomates.jpg,Λαχανικά,Kg,,egnatia,21-01-2025,27-01-2025
12,,ΤΟΜΑΤΙΝΙΑ ΣΥΣΚ. 250ΓΡ,1.69,1.69,12_Tomatinia_250g.jpg,Λαχανικά,Kg,,egnatia,21-01-2025,27-01-2025
13,,ΑΓΓΟΥΡΙΑ,0.65,0.65,13_Aggouria.jpg,Λαχανικά,Kg,,egnatia,21-01-2025,27-01-2025
14,,ΚΟΛΟΚΥΘΙΑ,2.39,2.39,14_Kolokithia.jpg,Λαχανικά,kg,,egnatia,21-01-2025,27-01-2025
15,,ΜΑΡΟΥΛΙ ΣΓΟΥΡΟ ΤΕΜΑΧΙΟ,0.79,0.79,15_Sgouro_Marouli_Temaxio.jpg,Λαχανικά,Kg,,egnatia,21-01-2025,27-01-2025
17.2,,ΠΑΤΑΤΕΣ ΕΛΛΗΝΙΚΕΣ ΣΕ ΔΙΧΤΥ,0.99,0.99,17.2_Patates_Egxories.jpg,Λαχανικά,Kg,,egnatia,21-01-2025,27-01-2025
18,,ΣΚΟΡΔΑ ΣΕ ΔΙΧΤΥ 3ΤΕΜ,1.39,1.39,18_Skorda_3temaxia.jpg,Λαχανικά,τμχ.,,egnatia,21-01-2025,27-01-2025
19,,ΚΡΕΜΜΥΔΙΑ ΣΕ ΔΙΧΤΥ,0.72,0.72,19_Kremmidia_Aspra.jpg,Λαχανικά,Kg,,egnatia,21-01-2025,27-01-2025
20,,ΚΡΕΜΜΥΔΑΚΙ ΦΡΕΣΚΟ,0.77,0.77,20_Kremmidaki_Fresko_Temaxio.jpg,Λαχανικά,Kg,,egnatia,21-01-2025,27-01-2025
23,,ΚΑΡΟΤΑ ΣΕ ΣΑΚΟΥΛΑΚΙ,0.92,0.92,23_Karota.jpg,Λαχανικά,Kg,,egnatia,21-01-2025,27-01-2025
24,,ΡΕΠΑΝΑΚΙΑ 125ΓΡ,0.89,0.89,24_Rapanakia_250g.jpg,Λαχανικά,Kg,,egnatia,21-01-2025,27-01-2025
25,,ΛΑΧΑΝΑ,0.85,0.85,25_Lahano.jpg,Λαχανικά,Kg,,egnatia,21-01-2025,27-01-2025
26,,ΚΟΥΝΟΥΠΙΔΙΑ,1.79,1.79,26_Kounoypidia.jpg,Λαχανικά,Kg,,egnatia,21-01-2025,27-01-2025
27,,ΜΠΡΟΚΟΛΟ,2.59,2.59,27_Mprokola.jpg,Λαχανικά,Kg,,egnatia,21-01-2025,27-01-2025
28.1,,ΠΙΠΕΡΙΕΣ ΓΕΜΙΣΤΕΣ,2.69,2.69,28.1_Piperies_Xondres_Gia_Gemista.jpg,Λαχανικά,Kg,,egnatia,21-01-2025,27-01-2025
28.2,,ΠΙΠΕΡΙΕΣ ΓΛΥΚΕΣ,2.79,2.79,28.1_Piperies_Makries_Glikes.jpg,Λαχανικά,Kg,,egnatia,21-01-2025,27-01-2025
29,,ΜΕΛΙΤΖΑΝΕΣ,2.99,2.99,29_Melitzanes.jpg,Λαχανικά,Kg,,egnatia,21-01-2025,27-01-2025
30,,ΜΑΙΝΔΑΝΟΣ,0.69,0.69,30_Maindanos_Temaxio.jpg,Λαχανικά,Kg,,egnatia,21-01-2025,27-01-2025
31,,ΑΝΙΘΟΣ,0.69,0.69,31_Anithos_Temaxio.jpg,Λαχανικά,Kg,,egnatia,21-01-2025,27-01-2025
32,,ΣΕΛΙΝΟ,3.69,3.69,32_Selino.jpg,Λαχανικά,Kg,,egnatia,21-01-2025,27-01-2025
2,1140,Λεμόνια,1.01,1.09,1140.jpg,Φρούτα,Kg,,kritikos,21-01-2025,27-01-2025
3,1000,Μπανάνες,1.50,1.85,1000.jpg,Φρούτα,Kg,,kritikos,21-01-2025,27-01-2025
4,1148,Πορτοκάλια ,0.72,0.78,1148.jpg,Φρούτα,Kg,,kritikos,21-01-2025,27-01-2025
5,1185,Μανταρίνια,1.52,1.52,1185.jpg,Φρούτα,Kg,,kritikos,21-01-2025,27-01-2025
6,1032,Αχλάδια,1.69,1.69,1032.jpg,Φρούτα,Kg,,kritikos,21-01-2025,27-01-2025
7,1006,Μήλα,1.55,1.55,1006.jpg,Φρούτα,Kg,,kritikos,21-01-2025,27-01-2025
7.1,1053,Μήλα Golden Delicious (σε επιλεγμένα καταστήματα),1.80,1.85,1053.jpg,Φρούτα,Kg,,kritikos,21-01-2025,27-01-2025
7.2,1057,Μήλα Granny Smith ,1.59,1.75,1057.jpg,Φρούτα,Kg,,kritikos,21-01-2025,27-01-2025
8,1082,Ρόδια  (σε επιλεγμένα καταστήματα),3.99,3.99,1082.jpg,Φρούτα,Kg,,kritikos,21-01-2025,27-01-2025
9,555428,Μανιτάρια (σε επιλεγμένα καταστήματα),6.87,6.87,555428.jpg,Λαχανικά,Kg,,kritikos,21-01-2025,27-01-2025
11,1009,Τομάτες,2.08,2.29,1009.jpg,Λαχανικά,Kg,,kritikos,21-01-2025,27-01-2025
12,718070,Τοματίνια,6.29,6.70,718070.jpg,Λαχανικά,Kg,,kritikos,21-01-2025,27-01-2025
13,1004,Αγγούρια,2.03,2.14,1004.jpg,Λαχανικά,Kg,,kritikos,21-01-2025,27-01-2025
14,1025,Κολοκύθια,2.12,2.36,1025.jpg,Λαχανικά,kg,,kritikos,21-01-2025,27-01-2025
15,1002,Μαρούλια (σε επιλεγμένα καταστήματα),1.16,1.28,1002.jpg,Λαχανικά,Kg,,kritikos,21-01-2025,27-01-2025
16,863566,Ρόκα (σε επιλεγμένα καταστήματα),10.9,13.6,863566.jpg,Λαχανικά,Kg,,kritikos,21-01-2025,27-01-2025
17,1014,Πατάτες,1.04,1.14,1014.jpg,Λαχανικά,Kg,,kritikos,21-01-2025,27-01-2025
17.1,1848,Πατάτες Κύπρου (σε επιλεγμένα καταστήματα),1.80,1.89,1848.jpg,Λαχανικά,Kg,,kritikos,21-01-2025,27-01-2025
17.3 ,1849,Πατάτες εισαγωγής (σε επιλεγμένα καταστήματα),2.01,2.09,1849.jpg,,,,kritikos,21-01-2025,27-01-2025
18,718769,Σκόρδα (κομμάτι),7.50,7.50,718769.jpg,Λαχανικά,τμχ.,,kritikos,21-01-2025,27-01-2025
19,1041,Κρεμμύδια ξερά,0.72,0.75,1041.jpg,Λαχανικά,Kg,,kritikos,21-01-2025,27-01-2025
20,1001,Κρεμμύδια φρέσκα,3.13,3.54,1001.jpg,Λαχανικά,Kg,,kritikos,21-01-2025,27-01-2025
21,1043,Σπανάκι (σε επιλεγμένα καταστήματα),1.85,2.10,1043.jpg,Λαχανικά,Kg,,kritikos,21-01-2025,27-01-2025
22,1059,Παντζάρια (σε επιλεγμένα καταστήματα),1.45,1.55,1059.jpg,Λαχανικά,Kg,,kritikos,21-01-2025,27-01-2025
23,702639,Καρότα,1.10,1.38,702639.jpg,Λαχανικά,Kg,,kritikos,21-01-2025,27-01-2025
25,1019,Λάχανα,0.77,0.80,1019.jpg,Λαχανικά,Kg,,kritikos,21-01-2025,27-01-2025
26,1036,Κουνουπίδια (σε επιλεγμένα καταστήματα),1.50,1.85,1036.jpg,Λαχανικά,Kg,,kritikos,21-01-2025,27-01-2025
27,1052,Μπρόκολο (σε επιλεγμένα καταστήματα) ,2.55,2.55,1052.jpg,Λαχανικά,Kg,,kritikos,21-01-2025,27-01-2025
28,1008,Πιπεριές (σε επιλεγμένα καταστήματα),2.99,2.99,1008.jpg,Λαχανικά,Kg,,kritikos,21-01-2025,27-01-2025
28.1,1325,Πιπεριές χονδρές (σε επιλεγμένα καταστήματα),2.23,3.10,1325.jpg,Λαχανικά,Kg,,kritikos,21-01-2025,27-01-2025
28.2,1131,Πιπεριές μακριές (σε επιλεγμένα καταστήματα),3.04,3.15,1131.jpg,Λαχανικά,Kg,,kritikos,21-01-2025,27-01-2025
29,1027,Μελιτζάνες,3.39,2.46,1027.jpg,Λαχανικά,Kg,,kritikos,21-01-2025,27-01-2025
30,1030,Μαϊντανός,2.80,3.52,1030.jpg,Λαχανικά,Kg,,kritikos,21-01-2025,27-01-2025
31,1024,’νηθος,5.46,6.63,1024.jpg,Λαχανικά,Kg,,kritikos,21-01-2025,27-01-2025
32,1023,Σέλινο (σε επιλεγμένα καταστήματα),2.48,2.80,1023.jpg,Λαχανικά,Kg,,kritikos,21-01-2025,27-01-2025
33,1033,Φασολάκια (σε επιλεγμένα καταστήματα),4.26,4.39,1033.jpg,Λαχανικά,Kg,,kritikos,21-01-2025,27-01-2025
1,520011772,Σταφύλια,4.98,5.98,3152428_1.jpg,Φρούτα,Kg,,masoutis,21-01-2025,27-01-2025
2,210649000,Λεμόνια,1.13,1.3,0317826_1.jpg,Φρούτα,Kg,,masoutis,21-01-2025,27-01-2025
3,219851600,Μπανάνες,1.65,1.85,0317990_1.jpg,Φρούτα,Kg,,masoutis,21-01-2025,27-01-2025
4,210651800,Πορτοκάλια Βαλέντσια,1.02,2.19,3274826_1.jpg,Φρούτα,Kg,,masoutis,21-01-2025,27-01-2025
6,210695600,Αχλάδια,1.55,2.98,0532788_1.jpg,Φρούτα,Kg,,masoutis,21-01-2025,27-01-2025
8,521400055,Ρόδια,2.29,2.29,0318360_1.jpg,Φρούτα,Kg,,masoutis,21-01-2025,27-01-2025
9,521400277,Μανιτάρια,3.96,6.7,3870631_1.jpg,Λαχανικά,Kg,,masoutis,21-01-2025,27-01-2025
11,219861100,Τομάτες,2.35,3.19,0317560_1.jpg,Λαχανικά,Kg,,masoutis,21-01-2025,27-01-2025
12,521400128,Τοματίνια,4.19,7.96,3599933_1.jpg,Λαχανικά,Kg,,masoutis,21-01-2025,27-01-2025
13,520013367,Αγγούρια,0.69,0.69,0318451_1.jpg,Λαχανικά,Kg,,masoutis,21-01-2025,27-01-2025
14,219814300,Κολοκύθια,2.29,2.98,0317677_1.jpg,Λαχανικά,kg,,masoutis,21-01-2025,27-01-2025
15,210685500,Μαρούλια,0.75,0.75,0317719_1.jpg,Λαχανικά,Kg,,masoutis,21-01-2025,27-01-2025
16,520013430,Ρόκα,11.58,11.58,3573615_1.jpg,Λαχανικά,Kg,,masoutis,21-01-2025,27-01-2025
18,843701919,Σκόρδα (κομμάτι),0.42,0.47,0496489_1.jpg,Λαχανικά,τμχ.,,masoutis,21-01-2025,27-01-2025
19,219855300,Κρεμμύδια ξερά,0.72,0.85,2152155_1.jpg,Λαχανικά,Kg,,masoutis,21-01-2025,27-01-2025
20,520013430,Κρεμμύδια φρέσκα,0.88,0.99,0574418_1.jpg,Λαχανικά,Kg,,masoutis,21-01-2025,27-01-2025
21,210614200,Σπανάκι,2.15,2.15,0317685_1.jpg,Λαχανικά,Kg,,masoutis,21-01-2025,27-01-2025
22,210613800,Παντζάρια,1.42,1.42,0317636_1.jpg,Λαχανικά,Kg,,masoutis,21-01-2025,27-01-2025
23,210686900,Καρότα,0.88,1.96,0318261_1.jpg,Λαχανικά,Kg,,masoutis,21-01-2025,27-01-2025
24,520011861,Ραπανάκια,6.56,6.56,0444836_1.jpg,Λαχανικά,Kg,,masoutis,21-01-2025,27-01-2025
25,210686800,Λάχανα,0.72,2.38,0317727_1.jpg,Λαχανικά,Kg,,masoutis,21-01-2025,27-01-2025
26,210615100,Κουνουπίδια,1.9,2.3,0317776_1.jpg,Λαχανικά,Kg,,masoutis,21-01-2025,27-01-2025
27,210637800,Μπρόκολα,2.7,2.8,3204070_1.jpg,Λαχανικά,Kg,,masoutis,21-01-2025,27-01-2025
29,219856800,Μελιτζάνες,3.09,3.15,0317669_1.jpg,Λαχανικά,Kg,,masoutis,21-01-2025,27-01-2025
30,520013430,Μαϊντανός,6.8,6.8,0318469_1.jpg,Λαχανικά,Kg,,masoutis,21-01-2025,27-01-2025
31,520013430,Ανηθος,6.8,6.8,0437285_1.jpg,Λαχανικά,Kg,,masoutis,21-01-2025,27-01-2025
32,210691500,Σέλινο,2.25,2.58,0317768_1.jpg,Λαχανικά,Kg,,masoutis,21-01-2025,27-01-2025
33,210665900,Φασολάκια,3.65,3.65,,Λαχανικά,Kg,,masoutis,21-01-2025,27-01-2025
17.1,210681000,Πατάτες Κύπρου,1.85,1.85,1697325_1.jpg,Λαχανικά,Kg,,masoutis,21-01-2025,27-01-2025
17.2,219859100,Πατάτες εγχώριες,0.99,2.09,0317479_1.jpg,Λαχανικά,Kg,,masoutis,21-01-2025,27-01-2025
17.3,219809600,Πατάτες εισαγωγής,2.13,2.13,0539759_1.jpg,Λαχανικά,Kg,,masoutis,21-01-2025,27-01-2025
28.1,520037810,Πιπεριές χονδρές,2.35,2.68,0317651_1.jpg,Λαχανικά,Kg,,masoutis,21-01-2025,27-01-2025
28.2,764460243,Πιπεριές μακριές,2.65,3.19,0317644_1.jpg,Λαχανικά,Kg,,masoutis,21-01-2025,27-01-2025
7.1,210686500,Μήλα Golden Delicious,1.79,1.79,0317149_1.jpg,Φρούτα,Kg,,masoutis,21-01-2025,27-01-2025
7.2,219860900,Μήλα Granny Smith,1.68,1.68,0317131_1.jpg,Φρούτα,Kg,,masoutis,21-01-2025,27-01-2025
7.3,210647400,Μήλα Starkin Delicious,1.38,2.25,3339017_1.jpg,Φρούτα,Kg,,masoutis,21-01-2025,27-01-2025
2,14202046,Λεμόνια,0.92,1.09,14202046_1.jpg,Φρούτα,Kg,,marketin,21-01-2025,27-01-2025
3,14202293,Μπανάνες,1.6,1.85,14202293_1.jpg,Φρούτα,Kg,,marketin,21-01-2025,27-01-2025
4,14202809,Πορτοκάλια,0.79,1.09,14202809_1.jpg,Φρούτα,Kg,,marketin,21-01-2025,27-01-2025
5,14202851,Μανταρίνια,1.29,1.45,14202851_1.jpg,Φρούτα,Kg,,marketin,21-01-2025,27-01-2025
6,14202768,Αχλάδια,1.58,1.69,14202768_1.jpg,Φρούτα,Kg,,marketin,21-01-2025,27-01-2025
7,89012587,Μήλα,1.9,2.28,89012587_1.jpg,Φρούτα,Kg,,marketin,21-01-2025,27-01-2025
7.1,14202362,Μήλα Golden Delicious,1.7,2.09,14202362_1.jpg,Φρούτα,Kg,,marketin,21-01-2025,27-01-2025
7.2,14202438,Μήλα Granny Smith ,1.67,1.82,14202438_1.jpg,Φρούτα,Kg,,marketin,21-01-2025,27-01-2025
7.3,14202648,Μήλα Starkin Delicious,1.49,1.49,14202648_1.jpg,Φρούτα,Kg,,marketin,21-01-2025,27-01-2025
9,14202126,Μανιτάρια,1.28,3.69,14202126_1.jpg,Λαχανικά,Kg,,marketin,21-01-2025,27-01-2025
11,14202121,Τομάτες,2.29,2.39,14202121_1.jpg,Λαχανικά,Kg,,marketin,21-01-2025,27-01-2025
12,89009116,Τοματίνια,1.85,1.95,89009116_1.jpg,Λαχανικά,Kg,,marketin,21-01-2025,27-01-2025
13,14202005,Αγγούρια,0.79,2.89,14202005_1.jpg,Λαχανικά,Kg,,marketin,21-01-2025,27-01-2025
14,14202384,Κολοκύθια,2.24,2.49,14202384_1.jpg,Λαχανικά,kg,,marketin,21-01-2025,27-01-2025
15,14202591,Μαρούλια,0.75,0.83,14202591_1.jpg,Λαχανικά,Kg,,marketin,21-01-2025,27-01-2025
16,14202031,Ρόκα,0.68,0.78,14202031_1.jpg,Λαχανικά,Kg,,marketin,21-01-2025,27-01-2025
17.1,14202298,Πατάτες Κύπρου,1.85,1.92,14202298_1.jpg,Λαχανικά,Kg,,marketin,21-01-2025,27-01-2025
17.2,14202108,Πατάτες εγχώριες,0.66,1.05,14202108_1.jpg,Λαχανικά,Kg,,marketin,21-01-2025,27-01-2025
17.3 ,89014964,Πατάτες εισαγωγής,2.68,2.89,89014964_1.jpg,,,,marketin,21-01-2025,27-01-2025
18,14202156,Σκόρδα (κομμάτι),0.62,0.69,14202156_1.jpg,Λαχανικά,τμχ.,,marketin,21-01-2025,27-01-2025
19,14202389,Κρεμμύδια ξερά,0.73,0.77,14202389_1.jpg,Λαχανικά,Kg,,marketin,21-01-2025,27-01-2025
20,89004469,Κρεμμύδια φρέσκα,0.79,0.95,89004469_1.jpg,Λαχανικά,Kg,,marketin,21-01-2025,27-01-2025
21,14202131,Σπανάκι,1.91,2.25,14202131_1.jpg,Λαχανικά,Kg,,marketin,21-01-2025,27-01-2025
23,14202232,Καρότα,0.89,0.92,14202232_1.jpg,Λαχανικά,Kg,,marketin,21-01-2025,27-01-2025
25,14202132,Λάχανα,0.8,1.25,14202132_1.jpg,Λαχανικά,Kg,,marketin,21-01-2025,27-01-2025
26,14202025,Κουνουπίδια,1.84,1.99,14202025_1.jpg,Λαχανικά,Kg,,marketin,21-01-2025,27-01-2025
27,14202767,Μπρόκολο,2.69,2.89,14202767_1.jpg,Λαχανικά,Kg,,marketin,21-01-2025,27-01-2025
28.1,14202001,Πιπεριές χονδρές,2.49,3.35,14202001_1.jpg,Λαχανικά,Kg,,marketin,21-01-2025,27-01-2025
28.2,14202684,Πιπεριές μακριές,3.14,3.79,14202684_1.jpg,Λαχανικά,Kg,,marketin,21-01-2025,27-01-2025
29,14202454,Μελιτζάνες,3.45,3.55,14202454_1.jpg,Λαχανικά,Kg,,marketin,21-01-2025,27-01-2025
30,14202082,Μαϊντανός,0.66,0.75,14202082_1.jpg,Λαχανικά,Kg,,marketin,21-01-2025,27-01-2025
31,14202047,’νηθος,0.69,0.75,14202047_1.jpg,Λαχανικά,Kg,,marketin,21-01-2025,27-01-2025
32,14202367,Σέλινο,0.59,0.63,14202367_1.jpg,Λαχανικά,Kg,,marketin,21-01-2025,27-01-2025
2,198021                                                      ,Λεμόνια,0.89,0.89,198021_E1.jpg,Φρούτα,Kg,,mymarket,21-01-2025,27-01-2025
3,192041/198242                                               ,Μπανάνες,1.68,2.19,,Φρούτα,Kg,,mymarket,21-01-2025,27-01-2025
4,198114/198460                                               ,Πορτοκάλια Βαλέντσια,1.02,1.05,,Φρούτα,Kg,,mymarket,21-01-2025,27-01-2025
5,198120                                                      ,Μανταρίνια,1.35,1.35,198120_E1.jpg,Φρούτα,Kg,,mymarket,21-01-2025,27-01-2025
6,198274                                                      ,Αχλάδια,1.29,1.29,198274_E1.jpg,Φρούτα,Kg,,mymarket,21-01-2025,27-01-2025
7.1,198096                                                      ,Μήλα Golden Delicious,1.95,1.95,198096_E1.jpg,Φρούτα,Kg,,mymarket,21-01-2025,27-01-2025
7.2,198095                                                      ,Μήλα Granny Smith ,1.79,1.79,198095_E1.jpg,Φρούτα,Kg,,mymarket,21-01-2025,27-01-2025
7.3,198132                                                      ,Μήλα Starkin Delicious,1.38,1.38,198132_E1.jpg,Φρούτα,Kg,,mymarket,21-01-2025,27-01-2025
8,198075                                                      ,Ρόδια,2.09,2.09,198075_E1.jpg,Φρούτα,Kg,,mymarket,21-01-2025,27-01-2025
9,192081/198179                                               ,Μανιτάρια,5.00,8.20,,Λαχανικά,Kg,,mymarket,21-01-2025,27-01-2025
11,198028                                                      ,Τομάτες,2.35,2.35,198028_E1.jpg,Λαχανικά,Kg,,mymarket,21-01-2025,27-01-2025
12,192066/198676                                               ,Τοματίνια,3.99,8.60,,Λαχανικά,Kg,,mymarket,21-01-2025,27-01-2025
13,198026                                                      ,Αγγούρια,0.65,0.65,198026_E1.jpg,Λαχανικά,Kg,,mymarket,21-01-2025,27-01-2025
14,198027                                                      ,Κολοκύθια,2.42,2.42,198027_E1.jpg,Λαχανικά,kg,,mymarket,21-01-2025,27-01-2025
15,198024                                                      ,Μαρούλια,0.79,0.79,198024_E1.jpg,Λαχανικά,Kg,,mymarket,21-01-2025,27-01-2025
16,198171                                                      ,Ρόκα,9.90,9.90,198171_E1.jpg,Λαχανικά,Kg,,mymarket,21-01-2025,27-01-2025
17.1,198705                                                      ,Πατάτες Κύπρου,1.84,1.84,198705_E1.jpg,Λαχανικά,Kg,,mymarket,21-01-2025,27-01-2025
17.2,192303/198329                                               ,Πατάτες εγχώριες,0.98,1.69,,Λαχανικά,Kg,,mymarket,21-01-2025,27-01-2025
17.3,198257                                                      ,Πατάτες εισαγωγής,2.40,2.40,198257_E1.jpg,Λαχανικά,Kg,,mymarket,21-01-2025,27-01-2025
18,198183                                                      ,Σκόρδα (κομμάτι),0.63,0.63,198183_E1.jpg,Λαχανικά,τμχ.,,mymarket,21-01-2025,27-01-2025
19,198046/198187                                               ,Κρεμμύδια ξερά,0.72,0.73,,Λαχανικά,Kg,,mymarket,21-01-2025,27-01-2025
20,198013                                                      ,Κρεμμύδια φρέσκα,2.65,2.65,198013_E1.jpg,Λαχανικά,Kg,,mymarket,21-01-2025,27-01-2025
21,198009                                                      ,Σπανάκι,2.15,2.15,198009_E1.jpg,Λαχανικά,Kg,,mymarket,21-01-2025,27-01-2025
22,198012                                                      ,Παντζάρια,1.55,1.55,198012_E1.jpg,Λαχανικά,Kg,,mymarket,21-01-2025,27-01-2025
23,192321/198791                                               ,Καρότα,0.90,0.95,,Λαχανικά,Kg,,mymarket,21-01-2025,27-01-2025
24,192062                                                      ,Ραπανάκια,0.97,0.97,192062_E1.jpg,Λαχανικά,Kg,,mymarket,21-01-2025,27-01-2025
25,198034/198035                                               ,Λάχανα,0.78,1.45,,Λαχανικά,Kg,,mymarket,21-01-2025,27-01-2025
26,198036                                                      ,Κουνουπίδια,1.90,1.90,198036_E1.jpg,Λαχανικά,Kg,,mymarket,21-01-2025,27-01-2025
27,198156                                                      ,Μπρόκολο,2.70,2.70,198156_E1.jpg,Λαχανικά,Kg,,mymarket,21-01-2025,27-01-2025
28.1,198039                                                      ,Πιπεριές χονδρές,2.92,2.92,198039_E1.jpg,Λαχανικά,Kg,,mymarket,21-01-2025,27-01-2025
28.2,198040                                                      ,Πιπεριές μακριές,3.20,3.20,198040_E1.jpg,Λαχανικά,Kg,,mymarket,21-01-2025,27-01-2025
29,198037/198038                                               ,Μελιτζάνες,3.37,3.45,,Λαχανικά,Kg,,mymarket,21-01-2025,27-01-2025
30,198003                                                      ,Μαϊντανός,0.70,0.70,.,Λαχανικά,Kg,,mymarket,21-01-2025,27-01-2025
31,198001                                                      ,Άνηθος,0.75,0.75,198001_E1.jpg,Λαχανικά,Kg,,mymarket,21-01-2025,27-01-2025
32,198002                                                      ,Σέλινο,2.34,2.34,198002_E1.jpg,Λαχανικά,Kg,,mymarket,21-01-2025,27-01-2025
33,198016                                                      ,Φασολάκια ,4.39,4.39,198016_E1.jpg,Λαχανικά,Kg,,mymarket,21-01-2025,27-01-2025
2,2100100000000,Λεμόνια,1.13,1.13,2100100000000.jpg,Φρούτα,Kg,,pitsias,21-01-2025,27-01-2025
3,2108888000000,Μπανάνες ,1.58,1.58,2108888000000.jpg,Φρούτα,Kg,,pitsias,21-01-2025,27-01-2025
4,2110137000000,Πορτοκάλια,1.18,1.28,2110137000000.jpg,Φρούτα,Kg,,pitsias,21-01-2025,27-01-2025
5,2100147000000,Μανταρίνια,1.48,1.48,2100147000000.jpg,Φρούτα,Kg,,pitsias,21-01-2025,27-01-2025
6,2100116000000,Αχλάδια,1.48,1.48,2100116000000.jpg,Φρούτα,Kg,,pitsias,21-01-2025,27-01-2025
7.1,2124696000000,Μήλα ,1.85,1.85,2124696000000.jpg,Φρούτα,Kg,,pitsias,21-01-2025,27-01-2025
7.2,2100330000000,Μήλα ,1.85,1.85,2100330000000.jpg,Φρούτα,Kg,,pitsias,21-01-2025,27-01-2025
7.3,2100331000000,Μήλα ,1.6,1.6,2100331000000.jpg,Φρούτα,Kg,,pitsias,21-01-2025,27-01-2025
9,22917355,Μανιτάρια ,4.9,6.9,22917355.jpg,Λαχανικά,Kg,,pitsias,21-01-2025,27-01-2025
11,2100102000000,Τομάτες ,2.15,2.15,2100102000000.jpg,Λαχανικά,Kg,,pitsias,21-01-2025,27-01-2025
12,2100154000000,Τοματίνια ,4.95,4.95,2100154000000.jpg,Λαχανικά,Kg,,pitsias,21-01-2025,27-01-2025
13,22100,Αγγούρια Τεμάχιο,0.7,0.7,22100.jpg,Λαχανικά,Kg,,pitsias,21-01-2025,27-01-2025
14,2100112000000,Κολοκύθια ,1.78,1.78,2100112000000.jpg,Λαχανικά,kg,,pitsias,21-01-2025,27-01-2025
15,2100124000000,Μαρούλια (τιμή κιλού),1.8,1.8,2100124000000.jpg,Λαχανικά,Kg,,pitsias,21-01-2025,27-01-2025
16,5205461402768,Ρόκα ,1.25,1.25,5205461402768.jpg,Λαχανικά,Kg,,pitsias,21-01-2025,27-01-2025
17.2,2100104000000,Πατάτες Εγχώριες,1.08,1.08,2100104000000.jpg,Λαχανικά,Kg,,pitsias,21-01-2025,27-01-2025
18,22102,Σκόρδα Τεμάχιο,0.68,0.68,22102.jpg,Λαχανικά,τμχ.,,pitsias,21-01-2025,27-01-2025
19,2100111000000,Κρεμμύδια Ξερά ,0.85,0.9,2100111000000.jpg,Λαχανικά,Kg,,pitsias,21-01-2025,27-01-2025
20,22106,Κρεμμύδια Φρέσκα,0.75,0.75,22106.jpg,Λαχανικά,Kg,,pitsias,21-01-2025,27-01-2025
22,2100141000000,Παντζάρια ,0.98,0.98,2100141000000.jpg,Λαχανικά,Kg,,pitsias,21-01-2025,27-01-2025
23,2100118000000,Καρότα ,0.98,0.98,2100118000000.jpg,Λαχανικά,Kg,,pitsias,21-01-2025,27-01-2025
25,2100117000000,Λάχανα ,0.5,1.23,2100117000000.jpg,Λαχανικά,Kg,,pitsias,21-01-2025,27-01-2025
26,2100135000000,Κουνουπίδια ,1.45,1.45,2100135000000.jpg,Λαχανικά,Kg,,pitsias,21-01-2025,27-01-2025
27,210013800000,Μπρόκολο ,1.9,1.9,210013800000.jpg,Λαχανικά,Kg,,pitsias,21-01-2025,27-01-2025
28.1,2100106000000,Πιπεριές ,2.45,2.45,2100106000000.jpg,Λαχανικά,Kg,,pitsias,21-01-2025,27-01-2025
28.2,2100107000000,Πιπεριές ,2.58,2.58,2100107000000.jpg,Λαχανικά,Kg,,pitsias,21-01-2025,27-01-2025
29,2100113000000,Μελιτζάνες ,3.25,3.25,2100113000000.jpg,Λαχανικά,Kg,,pitsias,21-01-2025,27-01-2025
30,22108,Μαϊντανός ,0.75,0.75,22108.jpg,Λαχανικά,Kg,,pitsias,21-01-2025,27-01-2025
31,22109,’νηθος ,0.9,0.9,22109.jpg,Λαχανικά,Kg,,pitsias,21-01-2025,27-01-2025
32,2100132000000,Σέλινο ,2.33,2.33,2100132000000.jpg,Λαχανικά,Kg,,pitsias,21-01-2025,27-01-2025
1,1,ΣΤΑΦΥΛΙΑ,4.7,4.7,,Φρούτα,Kg,,sklavenitis,21-01-2025,27-01-2025
2,2,ΛΕΜΟΝΙΑ,0.92,0.92,,Φρούτα,Kg,,sklavenitis,21-01-2025,27-01-2025
3,3,ΜΠΑΝΑΝΕΣ,1.62,3.65,,Φρούτα,Kg,,sklavenitis,21-01-2025,27-01-2025
4,4,ΠΟΡΤΟΚΑΛΙΑ ΒΑΛΕΝΤΣΙΑ,0.83,1.08,,Φρούτα,Kg,,sklavenitis,21-01-2025,27-01-2025
5,5,ΜΑΝΤΑΡΙΝΙΑ,1.35,1.78,,Φρούτα,Kg,,sklavenitis,21-01-2025,27-01-2025
6,6,ΑΧΛΑΔΙΑ,1.25,3.63,,Φρούτα,Kg,,sklavenitis,21-01-2025,27-01-2025
7.1,7.1,ΜΗΛΑ GOLDEN DELICIOUS,1.7,1.7,,Φρούτα,Kg,,sklavenitis,21-01-2025,27-01-2025
7.2,7.2,ΜΗΛΑ GRANNY SMITH,1.68,1.68,,Φρούτα,Kg,,sklavenitis,21-01-2025,27-01-2025
7.3,7.3,ΜΗΛΑ STARKIN DELICIOUS,1.23,1.85,,Φρούτα,Kg,,sklavenitis,21-01-2025,27-01-2025
8,8,ΡΟΔΙΑ,1.95,1.95,,Φρούτα,Kg,,sklavenitis,21-01-2025,27-01-2025
9,9,ΜΑΝΙΤΑΡΙΑ,3.76,7.2,,Λαχανικά,Kg,,sklavenitis,21-01-2025,27-01-2025
10,10,ΑΓΚΙΝΑΡΕΣ,1.42,1.42,,Λαχανικά,Kg,,sklavenitis,21-01-2025,27-01-2025
11,11,ΝΤΟΜΑΤΕΣ,1.45,2.7,,Λαχανικά,Kg,,sklavenitis,21-01-2025,27-01-2025
12,12,ΝΤΟΜΑΤΙΝΙΑ,3.83,8.72,,Λαχανικά,Kg,,sklavenitis,21-01-2025,27-01-2025
13,13,ΑΓΓΟΥΡΙΑ,1.4,2.92,,Λαχανικά,Kg,,sklavenitis,21-01-2025,27-01-2025
14,14,ΚΟΛΟΚΥΘΙΑ,2.25,2.6,,Λαχανικά,kg,,sklavenitis,21-01-2025,27-01-2025
15a,15a,ΜΑΡΟΥΛΙΑ,1.55,1.55,,,,,sklavenitis,21-01-2025,27-01-2025
15b,15b,ΜΑΡΟΥΛΙΑ ΤΕΜΑΧΙΟ,0.72,0.88,,,,,sklavenitis,21-01-2025,27-01-2025
16,16,ΡΟΚΑ,6.7,6.7,,Λαχανικά,Kg,,sklavenitis,21-01-2025,27-01-2025
17.1,17.1,ΠΑΤΑΤΕΣ ΚΥΠΡΟΥ,1.85,1.85,,Λαχανικά,Kg,,sklavenitis,21-01-2025,27-01-2025
17.2,17.2,ΠΑΤΑΤΕΣ ΕΓΧΩΡΙΕΣ,0.73,1.93,,Λαχανικά,Kg,,sklavenitis,21-01-2025,27-01-2025
17.3,17.3,ΠΑΤΑΤΕΣ ΕΙΣΑΓΩΓΗΣ,0.98,1.96,,Λαχανικά,Kg,,sklavenitis,21-01-2025,27-01-2025
18,18,ΣΚΟΡΔΑ ΤΕΜΑΧΙΟ,0.37,0.62,,Λαχανικά,τμχ.,,sklavenitis,21-01-2025,27-01-2025
19,19,ΚΡΕΜΜΥΔΙΑ ΞΕΡΑ,0.55,1.58,,Λαχανικά,Kg,,sklavenitis,21-01-2025,27-01-2025
20,20,ΚΡΕΜΜΥΔΙΑ ΦΡΕΣΚΑ,2.48,4,,Λαχανικά,Kg,,sklavenitis,21-01-2025,27-01-2025
21,21,ΣΠΑΝΑΚΙ,1.92,1.92,,Λαχανικά,Kg,,sklavenitis,21-01-2025,27-01-2025
22,22,ΠΑΝΤΖΑΡΙΑ,1.3,1.3,,Λαχανικά,Kg,,sklavenitis,21-01-2025,27-01-2025
23,23,ΚΑΡΟΤΑ,0.9,0.94,,Λαχανικά,Kg,,sklavenitis,21-01-2025,27-01-2025
24,24,ΡΑΠΑΝΑΚΙΑ,6.24,6.4,,Λαχανικά,Kg,,sklavenitis,21-01-2025,27-01-2025
25,25,ΛΑΧΑΝΑ,0.7,2.3,,Λαχανικά,Kg,,sklavenitis,21-01-2025,27-01-2025
26,26,ΚΟΥΝΟΥΠΙΔΙΑ,1.58,1.58,,Λαχανικά,Kg,,sklavenitis,21-01-2025,27-01-2025
27,27,ΜΠΡΟΚΟΛΑ,2.5,2.5,,Λαχανικά,Kg,,sklavenitis,21-01-2025,27-01-2025
28.1,28.1,ΠΙΠΕΡΙΕΣ ΧΟΝΤΡΕΣ,2.18,5.25,,Λαχανικά,Kg,,sklavenitis,21-01-2025,27-01-2025
28.2,28.2,ΠΙΠΕΡΙΕΣ ΜΑΚΡΙΕΣ,2.53,3.95,,Λαχανικά,Kg,,sklavenitis,21-01-2025,27-01-2025
29,29,ΜΕΛΙΤΖΑΝΕΣ,2.83,3.15,,Λαχανικά,Kg,,sklavenitis,21-01-2025,27-01-2025
30,30,ΜΑΪΝΤΑΝΟΣ,6.7,6.7,,Λαχανικά,Kg,,sklavenitis,21-01-2025,27-01-2025
31,31,ΑΝΙΘΟΣ,7,7,,Λαχανικά,Kg,,sklavenitis,21-01-2025,27-01-2025
32,32,ΣΕΛΙΝΟ,1.7,5.58,,Λαχανικά,Kg,,sklavenitis,21-01-2025,27-01-2025
33,33,ΦΑΣΟΛΑΚΙΑ,4.85,4.85,,Λαχανικά,Kg,,sklavenitis,21-01-2025,27-01-2025
2,09403,Λεμόνια,1.10,1.10,2.png,Φρούτα,Kg,,synka,21-01-2025,27-01-2025
3,203617,Μπανάνες,1.62,1.62,3.png,Φρούτα,Kg,,synka,21-01-2025,27-01-2025
4,186897,Πορτοκάλια,0.90,0.90,4.png,Φρούτα,Kg,,synka,21-01-2025,27-01-2025
5,139132,Μανταρίνια,1.60,1.60,5.png,Φρούτα,Kg,,synka,21-01-2025,27-01-2025
6,05693,Αχλάδια,1.68,1.68,6.png,Φρούτα,Kg,,synka,21-01-2025,27-01-2025
7.1,05690,Μήλα Golden Delicious,1.85,1.85,71.png,Φρούτα,Kg,,synka,21-01-2025,27-01-2025
7.2,160322,Μήλα Granny Smith,1.19,1.19,72.png,Φρούτα,Kg,,synka,21-01-2025,27-01-2025
7.3,123979,Μήλα Starkin Delicious,1.19,1.19,73.png,Φρούτα,Kg,,synka,21-01-2025,27-01-2025
8,18370,Ρόδια,3.19,3.19,8.png,Φρούτα,Kg,,synka,21-01-2025,27-01-2025
9,03702,Μανιτάρια,4.15,4.15,9.png,Λαχανικά,Kg,,synka,21-01-2025,27-01-2025
11,06729,Τομάτες,1.95,1.95,11.png,Λαχανικά,Kg,,synka,21-01-2025,27-01-2025
12,160308,Τοματίνια,4.98,4.98,12.png,Λαχανικά,Kg,,synka,21-01-2025,27-01-2025
13,05766,Αγγούρια,2.35,2.35,13.png,Λαχανικά,Kg,,synka,21-01-2025,27-01-2025
14,05761,Κολοκύθια,2.48,2.48,14.png,Λαχανικά,kg,,synka,21-01-2025,27-01-2025
15,05703,Μαρούλια,3,3,15.png,Λαχανικά,Kg,,synka,21-01-2025,27-01-2025
16,67995,Ρόκα,6.40,6.40,16.png,Λαχανικά,Kg,,synka,21-01-2025,27-01-2025
17.2,56591,Πατάτες εγχώριες,0.98,0.98,172.png,Λαχανικά,Kg,,synka,21-01-2025,27-01-2025
18,18963,Σκόρδα,5.39,5.39,18.png,Λαχανικά,τμχ.,,synka,21-01-2025,27-01-2025
19,125220,Κρεμμύδια ξερά,0.77,0.77,19.png,Λαχανικά,Kg,,synka,21-01-2025,27-01-2025
20,146649,Κρεμμύδια φρέσκα,6.90,6.90,20.png,Λαχανικά,Kg,,synka,21-01-2025,27-01-2025
21,06956,Σπανάκι,2.19,2.19,21.png,Λαχανικά,Kg,,synka,21-01-2025,27-01-2025
22,06784,Παντζάρια,1.42,1.42,22.png,Λαχανικά,Kg,,synka,21-01-2025,27-01-2025
23,05699,Καρότα,0.87,0.87,23.png,Λαχανικά,Kg,,synka,21-01-2025,27-01-2025
24,05642,Ραπανάκια,6.32,6.32,24.png,Λαχανικά,Kg,,synka,21-01-2025,27-01-2025
25,05698,Λάχανα,0.79,0.79,25.png,Λαχανικά,Kg,,synka,21-01-2025,27-01-2025
26,05764,Κουνουπίδια,1.75,1.75,26.png,Λαχανικά,Kg,,synka,21-01-2025,27-01-2025
27,05771,Μπρόκολο,2.59,2.59,27.png,Λαχανικά,Kg,,synka,21-01-2025,27-01-2025
28.1,05701,Πιπεριές χονδρές,2.95,2.95,281.png,Λαχανικά,Kg,,synka,21-01-2025,27-01-2025
28.2,18855,Πιπεριές μακριές,3.19,3.19,282.png,Λαχανικά,Kg,,synka,21-01-2025,27-01-2025
29,05767,Μελιτζάνες,2.98,2.98,29.png,Λαχανικά,Kg,,synka,21-01-2025,27-01-2025
30,145131,Μαϊντανός,6.80,6.80,30.png,Λαχανικά,Kg,,synka,21-01-2025,27-01-2025
31,164662,Άνηθος,7.90,7.90,31.png,Λαχανικά,Kg,,synka,21-01-2025,27-01-2025
32,05770,Σέλινο,1.49,1.49,32.png,Λαχανικά,Kg,,synka,21-01-2025,27-01-2025
13,5235,Αγγούρια,2.48,2.48,,Λαχανικά,Kg,,xalkiadakis,21-01-2025,27-01-2025
31,5242,Άνηθος,0.70,0.70,,Λαχανικά,Kg,,xalkiadakis,21-01-2025,27-01-2025
6,5317,Αχλάδια,1.38,1.38,,Φρούτα,Kg,,xalkiadakis,21-01-2025,27-01-2025
23,5212,Καρότα,0.88,0.88,,Λαχανικά,Kg,,xalkiadakis,21-01-2025,27-01-2025
14,177209,Κολοκύθια,2.48,2.48,,Λαχανικά,kg,,xalkiadakis,21-01-2025,27-01-2025
26,5228,Κουνουπίδια,1.85,1.85,,Λαχανικά,Kg,,xalkiadakis,21-01-2025,27-01-2025
19,5211,Κρεμμύδια ξερά,0.85,0.85,,Λαχανικά,Kg,,xalkiadakis,21-01-2025,27-01-2025
20,5244,Κρεμμύδια φρέσκα,0.70,0.70,,Λαχανικά,Kg,,xalkiadakis,21-01-2025,27-01-2025
25,5239,Λάχανα,0.88,0.88,,Λαχανικά,Kg,,xalkiadakis,21-01-2025,27-01-2025
2,5298,Λεμόνια,1.10,1.10,,Φρούτα,Kg,,xalkiadakis,21-01-2025,27-01-2025
30,5232,Μαϊντανός,0.70,0.70,,Λαχανικά,Kg,,xalkiadakis,21-01-2025,27-01-2025
9,29248,Μανιτάρια,4.15,4.15,,Λαχανικά,Kg,,xalkiadakis,21-01-2025,27-01-2025
5,177092,Μανταρίνια,1.48,1.48,,Φρούτα,Kg,,xalkiadakis,21-01-2025,27-01-2025
15,118449,Μαρούλια,0.70,0.70,,Λαχανικά,Kg,,xalkiadakis,21-01-2025,27-01-2025
29,5216,Μελιτζάνες,2.95,2.95,,Λαχανικά,Kg,,xalkiadakis,21-01-2025,27-01-2025
7.1,5245,Μήλα Golden Delicious,1.85,1.85,,Φρούτα,Kg,,xalkiadakis,21-01-2025,27-01-2025
7.2,5215,Μήλα Granny Smith ,1.82,1.82,,Φρούτα,Kg,,xalkiadakis,21-01-2025,27-01-2025
7.3,5208,Μήλα Starkin Delicious,1.65,1.65,,Φρούτα,Kg,,xalkiadakis,21-01-2025,27-01-2025
3,5237,Μπανάνες,1.68,1.68,,Φρούτα,Kg,,xalkiadakis,21-01-2025,27-01-2025
27,5236,Μπρόκολο,2.75,2.75,,Λαχανικά,Kg,,xalkiadakis,21-01-2025,27-01-2025
22,5241,Παντζάρια,1.38,1.38,,Λαχανικά,Kg,,xalkiadakis,21-01-2025,27-01-2025
17,43492,Πατάτες,1.10,1.10,,Λαχανικά,Kg,,xalkiadakis,21-01-2025,27-01-2025
17.2,55033,Πατάτες εγχώριες,1.10,1.10,,Λαχανικά,Kg,,xalkiadakis,21-01-2025,27-01-2025
17.1,44153,Πατάτες Κύπρου,1.67,1.67,,Λαχανικά,Kg,,xalkiadakis,21-01-2025,27-01-2025
28.2,5321,Πιπεριές μακριές,2.95,2.95,,Λαχανικά,Kg,,xalkiadakis,21-01-2025,27-01-2025
28.1,5222,Πιπεριές χονδρές,2.95,2.95,,Λαχανικά,Kg,,xalkiadakis,21-01-2025,27-01-2025
4,5213,Πορτοκάλια Βαλέντσια,1.05,1.05,,Φρούτα,Kg,,xalkiadakis,21-01-2025,27-01-2025
24,5273,Ραπανάκια,1.85,1.85,,Λαχανικά,Kg,,xalkiadakis,21-01-2025,27-01-2025
8,5323,Ρόδια,2.45,2.45,,Φρούτα,Kg,,xalkiadakis,21-01-2025,27-01-2025
16,118438,Ρόκα,1.20,1.20,,Λαχανικά,Kg,,xalkiadakis,21-01-2025,27-01-2025
32,5243,Σέλινο,0.70,0.70,,Λαχανικά,Kg,,xalkiadakis,21-01-2025,27-01-2025
18,98893,Σκόρδα (κομμάτι),0.58,0.58,,Λαχανικά,τμχ.,,xalkiadakis,21-01-2025,27-01-2025
21,5259,Σπανάκι,2.10,2.10,,Λαχανικά,Kg,,xalkiadakis,21-01-2025,27-01-2025
11,5234,Τομάτες,1.95,1.95,,Λαχανικά,Kg,,xalkiadakis,21-01-2025,27-01-2025
12,86360,Τοματίνια,2.55,2.55,,Λαχανικά,Kg,,xalkiadakis,21-01-2025,27-01-2025
33,5277,Φασολάκια ,4.35,4.35,,Λαχανικά,Kg,,xalkiadakis,21-01-2025,27-01-2025
